column0,selfRM,type,UT,MOD,TRIG,HZ,SEPS,ANGS,AMPS,ts,fps,emGain,exptime,ts:1,atime,wtime,wmatime,ts:2,dimm_fwhm,ts:3,ra,dc,el,ha,rotoff,ts:4,state,loopgain,multcoef,ts:5,gains,mcs,camwfs_time_ts,camwfs_time_ts:1,tcsi_telsee_ts,tcsi_telpos_ts,holoop_ts,hogain_ts
32,selfRM_20221211_12_TYC4865-1113-1_001.fits,SKY,2022-12-11 02:21:36,true,true,,20.0,0.0,0.015,2022-12-11 02:21:34.597551,1800.0,600.0,0.0,2022-12-11 02:21:34.082838,0.000555609782,0.000555608059,4.2039332e-05,2022-12-10 06:32:12.094626,1.0,2022-12-10 06:32:13.095502,86.822916666667,-51.075916666667,63.6195,1.291111111111,27.5708,2022-12-11 02:21:26.897864,2,0.95,0.98,2022-12-11 02:21:31.941119,"[0.75, 0.75, 0.6, 0.45, 0.3, 0.25, 0.25, 0.25, 0.2, 0.2, 0.15, 0.15, 0.15, 0.1, 0.05]","[1.0, 1.0, 1.0, 1.0, 1.0, 1.0, 1.0, 1.0, 1.0, 1.0, 1.0, 1.0, 1.0, 1.0, 1.0]",2022-12-11 02:21:34.597551,2022-12-11 02:21:34.082838,2022-12-10 06:32:12.094626,2022-12-10 06:32:13.095502,2022-12-11 02:21:26.897864,2022-12-11 02:21:31.941119
34,selfRM_20221211_12_TYC4865-1113-1_002.fits,SKY,2022-12-11 02:24:26,true,true,,20.0,0.0,0.015,2022-12-11 02:24:23.571544,1800.0,600.0,0.0,2022-12-11 02:24:25.578873,0.000555609782,0.000555608589,4.2051657e-05,2022-12-10 06:32:12.094626,1.0,2022-12-10 06:32:13.095502,86.822916666667,-51.075916666667,63.6195,1.291111111111,27.5708,2022-12-11 02:24:16.929994,2,0.95,0.98,2022-12-11 02:24:20.392554,"[0.75, 0.75, 0.6, 0.45, 0.3, 0.25, 0.25, 0.25, 0.2, 0.2, 0.15, 0.15, 0.15, 0.1, 0.05]","[1.0, 1.0, 1.0, 1.0, 1.0, 1.0, 1.0, 1.0, 1.0, 1.0, 1.0, 1.0, 1.0, 1.0, 1.0]",2022-12-11 02:24:23.571544,2022-12-11 02:24:25.578873,2022-12-10 06:32:12.094626,2022-12-10 06:32:13.095502,2022-12-11 02:24:16.929994,2022-12-11 02:24:20.392554
33,selfRM_20221011_12_HD15115_001.fits,SKY,2022-12-12 01:49:06,false,false,,,,,2022-12-12 01:49:01.881535,1800.0,600.0,0.0,2022-12-12 01:49:03.888806,0.000555610312,0.000555609119,4.2048078e-05,2022-12-10 06:32:12.094626,1.7,2022-12-10 06:32:13.095502,86.822916666667,-51.075916666667,63.6195,1.291111111111,27.5708,2022-12-12 01:49:05.730391,2,1.1,0.98,2022-12-12 01:48:56.969526,"[0.75, 0.75, 0.7, 0.5, 0.5, 0.35, 0.25, 0.25, 0.2, 0.2, 0.2, 0.2, 0.2, 0.15, 0.1]","[1.0, 1.0, 1.0, 1.0, 1.0, 1.0, 1.0, 1.0, 1.0, 1.0, 1.0, 1.0, 1.0, 1.0, 0.95]",2022-12-12 01:49:01.881535,2022-12-12 01:49:03.888806,2022-12-10 06:32:12.094626,2022-12-10 06:32:13.095502,2022-12-12 01:49:05.730391,2022-12-12 01:48:56.969526
65,selfRM_sparkles_20221211_12_001.fits,LAB,2022-12-12 05:42:42,true,false,1800.0,20.0,62.0,0.02,2022-12-12 05:42:40.812542,1800.0,1.0,0.0,2022-12-12 05:42:40.297834,0.000555609782,0.00055560965,4.2097114e-05,2022-12-10 06:32:12.094626,2.2,2022-12-10 06:32:13.095502,86.822916666667,-51.075916666667,63.6195,1.291111111111,27.5708,2022-12-12 05:42:39.060854,2,1.0,0.98,2022-12-12 05:42:34.619474,"[0.65, 0.65, 0.45, 0.35, 0.25, 0.2, 0.2, 0.2, 0.2, 0.15, 0.15, 0.1, 0.1, 0.1, 0.05]","[1.0, 1.0, 1.0, 1.0, 1.0, 1.0, 1.0, 1.0, 1.0, 1.0, 1.0, 1.0, 1.0, 1.0, 0.95]",2022-12-12 05:42:40.812542,2022-12-12 05:42:40.297834,2022-12-10 06:32:12.094626,2022-12-10 06:32:13.095502,2022-12-12 05:42:39.060854,2022-12-12 05:42:34.619474
73,selfRM_20221211_12_LAB_001.fits,LAB,2022-12-12 05:42:42,true,false,1800.0,20.0,62.0,0.02,2022-12-12 05:42:40.812542,1800.0,1.0,0.0,2022-12-12 05:42:40.297834,0.000555609782,0.00055560965,4.2097114e-05,2022-12-10 06:32:12.094626,2.2,2022-12-10 06:32:13.095502,86.822916666667,-51.075916666667,63.6195,1.291111111111,27.5708,2022-12-12 05:42:39.060854,2,1.0,0.98,2022-12-12 05:42:34.619474,"[0.65, 0.65, 0.45, 0.35, 0.25, 0.2, 0.2, 0.2, 0.2, 0.15, 0.15, 0.1, 0.1, 0.1, 0.05]","[1.0, 1.0, 1.0, 1.0, 1.0, 1.0, 1.0, 1.0, 1.0, 1.0, 1.0, 1.0, 1.0, 1.0, 0.95]",2022-12-12 05:42:40.812542,2022-12-12 05:42:40.297834,2022-12-10 06:32:12.094626,2022-12-10 06:32:13.095502,2022-12-12 05:42:39.060854,2022-12-12 05:42:34.619474
66,selfRM_20221211_12_LAB_002.fits,LAB,2022-12-12 05:45:54,false,false,,,,,2022-12-12 05:45:49.962529,1800.0,1.0,0.0,2022-12-12 05:45:51.969812,0.000555610312,0.000555608589,4.2435724e-05,2022-12-10 06:32:12.094626,2.2,2022-12-10 06:32:13.095502,86.822916666667,-51.075916666667,63.6195,1.291111111111,27.5708,2022-12-12 05:45:49.089679,2,1.0,0.98,2022-12-12 05:45:53.191318,"[0.65, 0.65, 0.45, 0.35, 0.25, 0.2, 0.2, 0.2, 0.2, 0.15, 0.15, 0.1, 0.1, 0.1, 0.05]","[1.0, 1.0, 1.0, 1.0, 1.0, 1.0, 1.0, 1.0, 1.0, 1.0, 1.0, 1.0, 1.0, 1.0, 0.95]",2022-12-12 05:45:49.962529,2022-12-12 05:45:51.969812,2022-12-10 06:32:12.094626,2022-12-10 06:32:13.095502,2022-12-12 05:45:49.089679,2022-12-12 05:45:53.191318
67,selfRM_20221211_12_LAB_003.fits,LAB,2022-12-12 05:51:13,true,true,,20.0,62.0,0.02,2022-12-12 05:51:12.781535,1800.0,1.0,0.0,2022-12-12 05:51:12.266871,0.000555610312,0.000555609384,4.2023561e-05,2022-12-10 06:32:12.094626,2.2,2022-12-10 06:32:13.095502,86.822916666667,-51.075916666667,63.6195,1.291111111111,27.5708,2022-12-12 05:51:09.145131,2,1.0,0.98,2022-12-12 05:51:12.119747,"[0.65, 0.65, 0.45, 0.35, 0.25, 0.2, 0.2, 0.2, 0.2, 0.15, 0.15, 0.1, 0.1, 0.1, 0.05]","[1.0, 1.0, 1.0, 1.0, 1.0, 1.0, 1.0, 1.0, 1.0, 1.0, 1.0, 1.0, 1.0, 1.0, 0.95]",2022-12-12 05:51:12.781535,2022-12-12 05:51:12.266871,2022-12-10 06:32:12.094626,2022-12-10 06:32:13.095502,2022-12-12 05:51:09.145131,2022-12-12 05:51:12.119747
68,selfRM_20221211_12_LAB_004.fits,LAB,2022-12-12 06:14:05,true,true,,20.0,0.0,0.03,2022-12-12 06:14:04.264544,600.0,1.0,0.0,2022-12-12 06:14:03.749775,0.001666775928,0.001666770754,4.2582991e-05,2022-12-10 06:32:12.094626,2.2,2022-12-10 06:32:13.095502,86.822916666667,-51.075916666667,63.6195,1.291111111111,27.5708,2022-12-12 06:13:59.359263,2,1.0,0.98,2022-12-12 06:14:00.046951,"[0.65, 0.65, 0.45, 0.35, 0.25, 0.2, 0.2, 0.2, 0.2, 0.15, 0.15, 0.1, 0.1, 0.1, 0.05]","[1.0, 1.0, 1.0, 1.0, 1.0, 1.0, 1.0, 1.0, 1.0, 1.0, 1.0, 1.0, 1.0, 1.0, 0.95]",2022-12-12 06:14:04.264544,2022-12-12 06:14:03.749775,2022-12-10 06:32:12.094626,2022-12-10 06:32:13.095502,2022-12-12 06:13:59.359263,2022-12-12 06:14:00.046951
69,selfRM_20221211_12_LAB_005.fits,LAB,2022-12-12 06:22:35,true,true,,20.0,0.0,0.03,2022-12-12 06:22:33.711541,600.0,1.0,0.0,2022-12-12 06:22:33.196797,0.001666774734,0.001666765181,4.222198e-05,2022-12-10 06:32:12.094626,2.2,2022-12-10 06:32:13.095502,86.822916666667,-51.075916666667,63.6195,1.291111111111,27.5708,2022-12-12 06:22:29.443386,2,1.0,0.98,2022-12-12 06:22:29.530153,"[0.65, 0.65, 0.45, 0.35, 0.25, 0.2, 0.2, 0.2, 0.2, 0.15, 0.15, 0.1, 0.1, 0.1, 0.05]","[1.0, 1.0, 1.0, 1.0, 1.0, 1.0, 1.0, 1.0, 1.0, 1.0, 1.0, 1.0, 1.0, 1.0, 0.95]",2022-12-12 06:22:33.711541,2022-12-12 06:22:33.196797,2022-12-10 06:32:12.094626,2022-12-10 06:32:13.095502,2022-12-12 06:22:29.443386,2022-12-12 06:22:29.530153
70,selfRM_20221211_12_LAB_006.fits,LAB,2022-12-12 06:29:53,false,false,,,,,2022-12-12 06:29:52.546529,600.0,1.0,0.0,2022-12-12 06:29:52.031768,0.001666776326,0.001666771948,4.267613e-05,2022-12-10 06:32:12.094626,2.2,2022-12-10 06:32:13.095502,86.822916666667,-51.075916666667,63.6195,1.291111111111,27.5708,2022-12-12 06:29:49.507961,2,1.0,0.98,2022-12-12 06:29:48.800231,"[0.65, 0.65, 0.45, 0.35, 0.25, 0.2, 0.2, 0.2, 0.2, 0.15, 0.15, 0.1, 0.1, 0.1, 0.05]","[1.0, 1.0, 1.0, 1.0, 1.0, 1.0, 1.0, 1.0, 1.0, 1.0, 1.0, 1.0, 1.0, 1.0, 0.95]",2022-12-12 06:29:52.546529,2022-12-12 06:29:52.031768,2022-12-10 06:32:12.094626,2022-12-10 06:32:13.095502,2022-12-12 06:29:49.507961,2022-12-12 06:29:48.800231
71,selfRM_20221211_12_LAB_007.fits,LAB,2022-12-12 06:33:53,false,false,,,,,2022-12-12 06:33:50.616537,1800.0,1.0,0.0,2022-12-12 06:33:52.623806,0.000555611214,0.000555608826,4.2288451e-05,2022-12-10 06:32:12.094626,2.2,2022-12-10 06:32:13.095502,86.822916666667,-51.075916666667,63.6195,1.291111111111,27.5708,2022-12-12 06:33:49.54398,2,1.0,0.98,2022-12-12 06:33:47.481094,"[0.65, 0.65, 0.45, 0.35, 0.25, 0.2, 0.2, 0.2, 0.2, 0.15, 0.15, 0.1, 0.1, 0.1, 0.05]","[1.0, 1.0, 1.0, 1.0, 1.0, 1.0, 1.0, 1.0, 1.0, 1.0, 1.0, 1.0, 1.0, 1.0, 0.95]",2022-12-12 06:33:50.616537,2022-12-12 06:33:52.623806,2022-12-10 06:32:12.094626,2022-12-10 06:32:13.095502,2022-12-12 06:33:49.54398,2022-12-12 06:33:47.481094
72,selfRM_20221211_12_LAB_008.fits,LAB,2022-12-12 06:39:45,true,true,,20.0,0.0,0.015,2022-12-12 06:39:41.175545,1800.0,1.0,0.0,2022-12-12 06:39:43.182822,0.000555611214,0.000555611214,4.2012219e-05,2022-12-10 06:32:12.094626,2.2,2022-12-10 06:32:13.095502,86.822916666667,-51.075916666667,63.6195,1.291111111111,27.5708,2022-12-12 06:39:39.603584,2,1.0,0.98,2022-12-12 06:39:37.499145,"[0.65, 0.65, 0.45, 0.35, 0.25, 0.2, 0.2, 0.2, 0.2, 0.15, 0.15, 0.1, 0.1, 0.1, 0.05]","[1.0, 1.0, 1.0, 1.0, 1.0, 1.0, 1.0, 1.0, 1.0, 1.0, 1.0, 1.0, 1.0, 1.0, 0.95]",2022-12-12 06:39:41.175545,2022-12-12 06:39:43.182822,2022-12-10 06:32:12.094626,2022-12-10 06:32:13.095502,2022-12-12 06:39:39.603584,2022-12-12 06:39:37.499145
35,selfRM_20221212_13_HD15115_001.fits,SKY,2022-12-13 03:32:20,true,true,,20.0,0.0,0.04,2022-12-13 03:32:17.506534,1800.0,600.0,0.0,2022-12-13 03:32:19.513824,0.000555609252,0.000555606469,4.2115668e-05,2022-12-10 06:32:12.094626,1.4,2022-12-10 06:32:13.095502,86.822916666667,-51.075916666667,63.6195,1.291111111111,27.5708,2022-12-13 03:32:18.272173,2,1.0,0.98,2022-12-13 03:32:11.256955,"[0.75, 0.75, 0.7, 0.5, 0.5, 0.5, 0.35, 0.35, 0.35, 0.25, 0.15, 0.1, 0.1, 0.1, 0.1]","[1.0, 1.0, 1.0, 1.0, 1.0, 1.0, 1.0, 1.0, 1.0, 1.0, 1.0, 1.0, 1.0, 1.0, 0.95]",2022-12-13 03:32:17.506534,2022-12-13 03:32:19.513824,2022-12-10 06:32:12.094626,2022-12-10 06:32:13.095502,2022-12-13 03:32:18.272173,2022-12-13 03:32:11.256955
1,selfRM_20230304_05_piPup_sparkles_triggered.fits,SKY,2023-03-05 05:18:55,true,true,,20.0,0.0,0.05,2023-03-05 05:18:53.932607,1800.0,15.0,0.0,2023-03-05 05:18:53.417888,0.000555610445,0.000555608192,4.3986306e-05,2023-03-05 05:18:51.706391,0.68,2023-03-05 05:18:54.849718,109.27925,-37.096694444444,38.1591,4.150277777778,100.2984,2023-03-05 05:18:47.438267,2,1.0,0.98,2023-03-05 05:18:53.10276,"[0.7, 0.7, 0.55, 0.55, 0.4, 0.35, 0.25, 0.25, 0.2, 0.2, 0.2, 0.2, 0.2, 0.2, 0.15]","[1.0, 1.0, 1.0, 1.0, 1.0, 1.0, 1.0, 1.0, 1.0, 1.0, 1.0, 1.0, 1.0, 1.0, 1.0]",2023-03-05 05:18:53.932607,2023-03-05 05:18:53.417888,2023-03-05 05:18:51.706391,2023-03-05 05:18:54.849718,2023-03-05 05:18:47.438267,2023-03-05 05:18:53.10276
0,selfRM_20230304_05_piPup_sparkles_nottriggered.fits,SKY,2023-03-05 05:24:16,true,false,1799.821533,20.0,0.0,0.05,2023-03-05 05:24:14.230601,1800.0,15.0,0.0,2023-03-05 05:24:13.7159,0.000555610312,0.000555607529,4.4017848e-05,2023-03-05 05:24:14.659258,0.75,2023-03-05 05:24:15.660386,109.279291666667,-37.096416666667,37.1095,4.239444444444,100.9554,2023-03-05 05:24:07.492774,2,1.0,0.98,2023-03-05 05:24:14.16905,"[0.7, 0.7, 0.55, 0.55, 0.4, 0.35, 0.25, 0.25, 0.2, 0.2, 0.2, 0.2, 0.2, 0.2, 0.15]","[1.0, 1.0, 1.0, 1.0, 1.0, 1.0, 1.0, 1.0, 1.0, 1.0, 1.0, 1.0, 1.0, 1.0, 1.0]",2023-03-05 05:24:14.230601,2023-03-05 05:24:13.7159,2023-03-05 05:24:14.659258,2023-03-05 05:24:15.660386,2023-03-05 05:24:07.492774,2023-03-05 05:24:14.16905
2,selfRM_20230305_06_betaPic_sparkles_triggered.fits,SKY,2023-03-07 03:53:54,true,true,,20.0,0.0,0.02,2023-03-07 03:53:51.490602,1800.0,100.0,0.0,2023-03-07 03:53:53.497916,0.000555609782,0.000555608457,4.3862392e-05,2023-03-07 03:53:53.069951,0.7,2023-03-07 03:53:52.940288,86.81175,-51.06725,37.3092,4.362777777778,122.9167,2023-03-07 03:53:45.455094,2,0.9,0.98,2023-03-07 03:53:48.466976,"[0.7, 0.7, 0.5, 0.3, 0.25, 0.25, 0.25, 0.25, 0.25, 0.2, 0.2, 0.2, 0.15, 0.15, 0.05]","[1.0, 1.0, 1.0, 1.0, 1.0, 1.0, 1.0, 1.0, 1.0, 1.0, 1.0, 1.0, 1.0, 1.0, 1.0]",2023-03-07 03:53:51.490602,2023-03-07 03:53:53.497916,2023-03-07 03:53:53.069951,2023-03-07 03:53:52.940288,2023-03-07 03:53:45.455094,2023-03-07 03:53:48.466976
36,selfRM_20230307_08_lab_sparkles_sep20_amp002.fits,LAB,2023-03-08 00:06:43,true,true,,20.0,0.0,0.02,2023-03-08 00:06:40.839605,1800.0,60.0,0.0,2023-03-08 00:06:42.84689,0.000555610816,0.000555612806,4.3800558e-05,2023-03-08 00:06:42.596614,0.72,2023-03-08 00:06:42.595557,140.141791666667,-21.682833333333,50.0193,-2.914166666667,268.8647,2023-03-08 00:06:37.517308,2,0.16,0.98,2023-03-08 00:06:42.274663,"[0.5, 0.5, 0.3, 0.15, 0.05, 0.05, 0.05, 0.05, 0.05, 0.05, 0.0, 0.05, 0.05, 0.0, 0.05]","[1.0, 1.0, 1.0, 1.0, 1.0, 1.0, 1.0, 1.0, 1.0, 1.0, 1.0, 1.0, 1.0, 1.0, 1.0]",2023-03-08 00:06:40.839605,2023-03-08 00:06:42.84689,2023-03-08 00:06:42.596614,2023-03-08 00:06:42.595557,2023-03-08 00:06:37.517308,2023-03-08 00:06:42.274663
3,selfRM_20230307_08_betaPic_sparkles_trigger_sep20_amp02.fits,SKY,2023-03-08 02:17:37,true,true,,20.0,0.0,0.02,2023-03-08 02:17:36.9076,1800.0,60.0,0.0,2023-03-08 02:17:36.39287,0.000555611214,0.000555615592,4.3810508e-05,2023-03-08 02:17:30.087169,0.56,2023-03-08 02:17:36.835462,86.814333333333,-51.068916666667,51.6348,2.819444444444,51.2757,2023-03-08 02:17:30.829593,2,0.9,0.98,2023-03-08 02:17:28.230899,"[0.8, 0.8, 0.5, 0.5, 0.35, 0.3, 0.25, 0.2, 0.1, 0.1, 0.2, 0.1, 0.05, 0.1, 0.1]","[1.0, 1.0, 1.0, 1.0, 1.0, 1.0, 1.0, 1.0, 1.0, 1.0, 1.0, 1.0, 1.0, 1.0, 1.0]",2023-03-08 02:17:36.9076,2023-03-08 02:17:36.39287,2023-03-08 02:17:30.087169,2023-03-08 02:17:36.835462,2023-03-08 02:17:30.829593,2023-03-08 02:17:28.230899
4,selfRM_20230309_10_HR4796a_sparkles.fits,SKY,2023-03-10 07:51:17,true,true,,15.0,0.0,0.02,2023-03-10 07:51:14.850602,1800.0,600.0,0.0,2023-03-10 07:51:16.857894,0.000555609782,0.000555608324,4.3742984e-05,2023-03-10 07:51:11.006292,0.62,2023-03-10 07:51:16.27384,189.001875,-39.874444444444,66.404,1.702777777778,324.749,2023-03-10 07:51:12.955599,2,1.0,0.98,2023-03-10 07:51:13.658192,"[0.7, 0.7, 0.5, 0.4, 0.4, 0.3, 0.2, 0.2, 0.1, 0.1, 0.1, 0.1, 0.1, 0.08, 0.05]","[1.0, 1.0, 1.0, 1.0, 1.0, 1.0, 1.0, 1.0, 1.0, 1.0, 1.0, 1.0, 1.0, 1.0, 1.0]",2023-03-10 07:51:14.850602,2023-03-10 07:51:16.857894,2023-03-10 07:51:11.006292,2023-03-10 07:51:16.27384,2023-03-10 07:51:12.955599,2023-03-10 07:51:13.658192
5,selfRM_20230309_10_cutoff.fits,SKY,2023-03-10 10:02:17,true,true,,30.0,0.0,0.02,2023-03-10 10:02:16.9676,1800.0,600.0,0.0,2023-03-10 10:02:16.452892,0.000555609782,0.000555609384,4.3996113e-05,2023-03-10 10:02:12.331962,0.49,2023-03-10 10:02:16.496448,240.811708333333,-35.292916666667,81.6224,0.434166666667,295.5641,2023-03-10 10:02:13.36963,0,1.0,0.98,2023-03-10 10:02:07.585839,"[0.6, 0.7, 0.5, 0.4, 0.4, 0.3, 0.25, 0.15, 0.15, 0.15, 0.1, 0.1, 0.05, 0.05, 0.0]","[1.0, 1.0, 1.0, 1.0, 1.0, 1.0, 1.0, 1.0, 1.0, 1.0, 1.0, 1.0, 1.0, 1.0, 1.0]",2023-03-10 10:02:16.9676,2023-03-10 10:02:16.452892,2023-03-10 10:02:12.331962,2023-03-10 10:02:16.496448,2023-03-10 10:02:13.36963,2023-03-10 10:02:07.585839
6,selfRM_20230309_10_noSpark_1200Hz.fits,SKY,2023-03-10 22:49:42,false,false,,,,,2023-03-10 22:49:40.2556,1200.0,1.0,0.0,2023-03-10 22:49:39.740872,0.000833390222,0.000833389957,4.3761538e-05,2023-03-10 10:09:38.654542,1.15,2023-03-10 22:49:41.375005,79.86875,-29.021722222222,89.9949,0.000833333333,274.0911,2023-03-10 22:49:33.899697,2,1.0,0.99,2023-03-10 22:49:33.627283,"[0.75, 0.75, 0.55, 0.35, 0.35, 0.3, 0.25, 0.2, 0.2, 0.2, 0.14, 0.14, 0.09, 0.1, 0.09]","[1.0, 1.0, 1.0, 1.0, 1.0, 1.0, 1.0, 1.0, 1.0, 1.0, 1.0, 0.98, 0.98, 0.97, 0.95]",2023-03-10 22:49:40.2556,2023-03-10 22:49:39.740872,2023-03-10 10:09:38.654542,2023-03-10 22:49:41.375005,2023-03-10 22:49:33.899697,2023-03-10 22:49:33.627283
9,selfRM_20230310_11_trig_sparkles_HD72946b_15ld_05.fits,SKY,2023-03-11 03:29:54,true,true,,15.0,0.0,0.05,2023-03-11 03:29:46.700616,1800.0,600.0,0.0,2023-03-11 03:29:53.751876,0.000555610312,0.000555608589,4.3974776e-05,2023-03-11 03:29:52.207232,0.77,2023-03-11 03:29:53.208563,128.958416666667,6.625722222222,49.1009,1.403611111111,231.6036,2023-03-11 03:29:53.955497,2,1.0,0.98,2023-03-11 03:29:49.526656,"[0.7, 0.7, 0.65, 0.4, 0.35, 0.35, 0.35, 0.21, 0.197393, 0.20556, 0.196409, 0.19993, 0.199238, 0.203117, 0.103644]","[1.0, 1.0, 1.0, 1.0, 1.0, 1.0, 1.0, 1.0, 1.0, 1.0, 1.0, 1.0, 1.0, 1.0, 0.95]",2023-03-11 03:29:46.700616,2023-03-11 03:29:53.751876,2023-03-11 03:29:52.207232,2023-03-11 03:29:53.208563,2023-03-11 03:29:53.955497,2023-03-11 03:29:49.526656
7,selfRM_20230310_11_no_sparkles_HD72946b.fits,SKY,2023-03-11 03:32:47,false,false,,,,,2023-03-11 03:32:45.767613,1800.0,600.0,0.0,2023-03-11 03:32:45.252895,0.000555610312,0.000555607794,4.3873657e-05,2023-03-11 03:32:41.721685,0.74,2023-03-11 03:32:46.855451,128.958416666667,6.62575,48.751,1.451944444444,231.6015,2023-03-11 03:32:43.986484,2,1.0,0.98,2023-03-11 03:32:42.207651,"[0.7, 0.7, 0.65, 0.4, 0.35, 0.35, 0.35, 0.21, 0.197393, 0.20556, 0.196409, 0.19993, 0.199238, 0.193117, 0.093644]","[1.0, 1.0, 1.0, 1.0, 1.0, 1.0, 1.0, 1.0, 1.0, 1.0, 1.0, 1.0, 1.0, 1.0, 0.95]",2023-03-11 03:32:45.767613,2023-03-11 03:32:45.252895,2023-03-11 03:32:41.721685,2023-03-11 03:32:46.855451,2023-03-11 03:32:43.986484,2023-03-11 03:32:42.207651
8,selfRM_20230310_11_no_sparkles_HD72946b_lower_gain_02.fits,SKY,2023-03-11 03:35:57,false,false,,,,,2023-03-11 03:35:54.922602,1800.0,600.0,0.0,2023-03-11 03:35:56.929938,0.000555610445,0.000555607662,4.3730261e-05,2023-03-11 03:35:55.955881,0.63,2023-03-11 03:35:56.956977,128.958458333333,6.625805555556,48.3583,1.504722222222,231.6053,2023-03-11 03:35:54.02283,2,0.2,0.98,2023-03-11 03:35:52.960116,"[0.7, 0.7, 0.65, 0.4, 0.35, 0.35, 0.35, 0.21, 0.197393, 0.20556, 0.196409, 0.19993, 0.199238, 0.193117, 0.093644]","[1.0, 1.0, 1.0, 1.0, 1.0, 1.0, 1.0, 1.0, 1.0, 1.0, 1.0, 1.0, 1.0, 1.0, 0.95]",2023-03-11 03:35:54.922602,2023-03-11 03:35:56.929938,2023-03-11 03:35:55.955881,2023-03-11 03:35:56.956977,2023-03-11 03:35:54.02283,2023-03-11 03:35:52.960116
42,selfRM_20230311_12_LAB_noSpark_1800_fullgains.fits,LAB,2023-03-11 20:32:45,false,false,,,,,2023-03-11 20:32:42.873607,1800.0,1.0,0.0,2023-03-11 20:32:44.880902,0.000555610312,0.000555609384,4.3736755e-05,2023-03-11 10:20:11.01478,0.62,2023-03-11 20:32:43.220642,46.454583333333,-29.089166666667,89.989,0.002222222222,126.1695,2023-03-11 20:32:44.937984,2,1.0,0.98,2023-03-11 20:32:37.419547,"[0.74, 0.7, 0.5, 0.5, 0.25, 0.2, 0.2, 0.2, 0.15, 0.15, 0.15, 0.15, 0.05, 0.05, 0.05]","[1.0, 1.0, 1.0, 1.0, 1.0, 1.0, 1.0, 1.0, 1.0, 1.0, 1.0, 1.0, 1.0, 1.0, 0.95]",2023-03-11 20:32:42.873607,2023-03-11 20:32:44.880902,2023-03-11 10:20:11.01478,2023-03-11 20:32:43.220642,2023-03-11 20:32:44.937984,2023-03-11 20:32:37.419547
77,selfRM_20230311_12_LAB_noSpark_1800_060gains.fits,TST,2023-03-11 20:35:35,false,false,,,,,2023-03-11 20:35:29.32661,1800.0,1.0,0.0,2023-03-11 20:35:33.855949,0.000555610312,0.000555609517,4.3779429e-05,2023-03-11 10:20:11.01478,0.62,2023-03-11 20:35:34.352103,47.169875,-29.088027777778,89.989,0.002222222222,126.1695,2023-03-11 20:35:28.967061,2,0.6,0.98,2023-03-11 20:35:26.219927,"[0.74, 0.7, 0.5, 0.5, 0.25, 0.2, 0.2, 0.2, 0.15, 0.15, 0.15, 0.15, 0.05, 0.05, 0.05]","[1.0, 1.0, 1.0, 1.0, 1.0, 1.0, 1.0, 1.0, 1.0, 1.0, 1.0, 1.0, 1.0, 1.0, 0.95]",2023-03-11 20:35:29.32661,2023-03-11 20:35:33.855949,2023-03-11 10:20:11.01478,2023-03-11 20:35:34.352103,2023-03-11 20:35:28.967061,2023-03-11 20:35:26.219927
76,selfRM_20230311_12_LAB_noSpark_1800_040gains.fits,TST,2023-03-11 20:38:05,false,false,,,,,2023-03-11 20:38:03.168603,1800.0,1.0,0.0,2023-03-11 20:38:02.653896,0.000555610312,0.000555607927,4.4003932e-05,2023-03-11 10:20:11.01478,0.62,2023-03-11 20:38:04.153527,47.79675,-29.086972222222,89.989,0.002222222222,126.1696,2023-03-11 20:37:56.994461,2,0.4,0.98,2023-03-11 20:37:56.945727,"[0.74, 0.7, 0.5, 0.5, 0.25, 0.2, 0.2, 0.2, 0.15, 0.15, 0.15, 0.15, 0.05, 0.05, 0.05]","[1.0, 1.0, 1.0, 1.0, 1.0, 1.0, 1.0, 1.0, 1.0, 1.0, 1.0, 1.0, 1.0, 1.0, 0.95]",2023-03-11 20:38:03.168603,2023-03-11 20:38:02.653896,2023-03-11 10:20:11.01478,2023-03-11 20:38:04.153527,2023-03-11 20:37:56.994461,2023-03-11 20:37:56.945727
74,selfRM_20230311_12_LAB_noSpark_1800_020gains.fits,TST,2023-03-11 20:41:35,false,false,,,,,2023-03-11 20:41:32.495601,1800.0,1.0,0.0,2023-03-11 20:41:34.502896,0.000555610312,0.000555607264,4.4148919e-05,2023-03-11 10:20:11.01478,0.62,2023-03-11 20:41:34.433296,48.675958333333,-29.085527777778,89.989,0.002222222222,126.1695,2023-03-11 20:41:27.035631,2,0.2,0.98,2023-03-11 20:41:25.941722,"[0.74, 0.7, 0.5, 0.5, 0.25, 0.2, 0.2, 0.2, 0.15, 0.15, 0.15, 0.15, 0.05, 0.05, 0.05]","[1.0, 1.0, 1.0, 1.0, 1.0, 1.0, 1.0, 1.0, 1.0, 1.0, 1.0, 1.0, 1.0, 1.0, 0.95]",2023-03-11 20:41:32.495601,2023-03-11 20:41:34.502896,2023-03-11 10:20:11.01478,2023-03-11 20:41:34.433296,2023-03-11 20:41:27.035631,2023-03-11 20:41:25.941722
41,selfRM_20230311_12_LAB_noSpark_1800_000gains.fits,LAB,2023-03-11 20:44:15,false,false,,,,,2023-03-11 20:44:13.904601,1800.0,1.0,0.0,2023-03-11 20:44:13.389892,0.000555610312,0.000555609517,4.3815742e-05,2023-03-11 10:20:11.01478,0.62,2023-03-11 20:44:14.525919,49.3445,-29.084388888889,89.989,0.002222222222,126.1695,2023-03-11 20:44:08.0663,2,0.0,0.98,2023-03-11 20:44:14.746033,"[0.74, 0.7, 0.5, 0.5, 0.25, 0.2, 0.2, 0.2, 0.15, 0.15, 0.15, 0.15, 0.05, 0.05, 0.05]","[1.0, 1.0, 1.0, 1.0, 1.0, 1.0, 1.0, 1.0, 1.0, 1.0, 1.0, 1.0, 1.0, 1.0, 0.95]",2023-03-11 20:44:13.904601,2023-03-11 20:44:13.389892,2023-03-11 10:20:11.01478,2023-03-11 20:44:14.525919,2023-03-11 20:44:08.0663,2023-03-11 20:44:14.746033
54,selfRM_20230311_12_LAB_spark_1800_050amps_20seps.fits,LAB,2023-03-11 21:00:15,true,true,,20.0,0.0,0.05,2023-03-11 21:00:12.276608,1800.0,1.0,0.0,2023-03-11 21:00:14.283923,0.000555609782,0.000555608457,4.3653527e-05,2023-03-11 10:20:11.01478,0.62,2023-03-11 21:00:14.339166,53.358125,-29.077388888889,89.989,0.002222222222,126.1697,2023-03-11 21:00:07.249041,2,1.0,0.98,2023-03-11 21:00:08.3098,"[0.74, 0.7, 0.5, 0.5, 0.25, 0.2, 0.2, 0.2, 0.15, 0.15, 0.15, 0.15, 0.05, 0.05, 0.05]","[1.0, 1.0, 1.0, 1.0, 1.0, 1.0, 1.0, 1.0, 1.0, 1.0, 1.0, 1.0, 1.0, 1.0, 0.95]",2023-03-11 21:00:12.276608,2023-03-11 21:00:14.283923,2023-03-11 10:20:11.01478,2023-03-11 21:00:14.339166,2023-03-11 21:00:07.249041,2023-03-11 21:00:08.3098
53,selfRM_20230311_12_LAB_spark_1800_020amps_20seps.fits,LAB,2023-03-11 21:06:57,true,true,,20.0,0.0,0.02,2023-03-11 21:06:55.813603,1800.0,1.0,0.0,2023-03-11 21:06:55.298896,0.000555610312,0.000555607927,4.4062775e-05,2023-03-11 10:20:11.01478,0.62,2023-03-11 21:06:56.740756,55.039833333333,-29.074333333333,89.989,0.002222222222,126.1695,2023-03-11 21:06:47.321438,2,1.0,0.98,2023-03-11 21:06:56.262998,"[0.74, 0.7, 0.5, 0.5, 0.25, 0.2, 0.2, 0.2, 0.15, 0.15, 0.15, 0.15, 0.05, 0.05, 0.05]","[1.0, 1.0, 1.0, 1.0, 1.0, 1.0, 1.0, 1.0, 1.0, 1.0, 1.0, 1.0, 1.0, 1.0, 0.95]",2023-03-11 21:06:55.813603,2023-03-11 21:06:55.298896,2023-03-11 10:20:11.01478,2023-03-11 21:06:56.740756,2023-03-11 21:06:47.321438,2023-03-11 21:06:56.262998
52,selfRM_20230311_12_LAB_spark_1800_010amps_20seps.fits,LAB,2023-03-11 21:14:05,true,true,,20.0,0.0,0.01,2023-03-11 21:14:04.55461,1800.0,1.0,0.0,2023-03-11 21:14:04.039842,0.000555610312,0.000555608324,4.3882934e-05,2023-03-11 10:20:11.01478,0.62,2023-03-11 21:14:04.084907,56.826375,-29.071055555556,89.989,0.002222222222,126.1698,2023-03-11 21:13:57.398277,2,1.0,0.98,2023-03-11 21:13:56.296011,"[0.74, 0.7, 0.5, 0.5, 0.25, 0.2, 0.2, 0.2, 0.15, 0.15, 0.15, 0.15, 0.05, 0.05, 0.05]","[1.0, 1.0, 1.0, 1.0, 1.0, 1.0, 1.0, 1.0, 1.0, 1.0, 1.0, 1.0, 1.0, 1.0, 0.95]",2023-03-11 21:14:04.55461,2023-03-11 21:14:04.039842,2023-03-11 10:20:11.01478,2023-03-11 21:14:04.084907,2023-03-11 21:13:57.398277,2023-03-11 21:13:56.296011
51,selfRM_20230311_12_LAB_spark_1200_050amps_20seps.fits,LAB,2023-03-11 21:24:18,true,true,,20.0,0.0,0.05,2023-03-11 21:24:13.360606,1200.0,1.0,0.0,2023-03-11 21:24:17.889875,0.000833389161,0.000833388896,4.3984848e-05,2023-03-11 10:20:11.01478,0.62,2023-03-11 21:24:17.168344,59.390125,-29.066194444444,89.989,0.002222222222,126.1698,2023-03-11 21:24:16.512619,2,1.0,0.98,2023-03-11 21:24:14.248065,"[0.74, 0.7, 0.5, 0.5, 0.25, 0.2, 0.2, 0.2, 0.15, 0.15, 0.15, 0.15, 0.05, 0.05, 0.05]","[1.0, 1.0, 1.0, 1.0, 1.0, 1.0, 1.0, 1.0, 1.0, 1.0, 1.0, 1.0, 1.0, 1.0, 0.95]",2023-03-11 21:24:13.360606,2023-03-11 21:24:17.889875,2023-03-11 10:20:11.01478,2023-03-11 21:24:17.168344,2023-03-11 21:24:16.512619,2023-03-11 21:24:14.248065
40,selfRM_20230311_12_LAB_noSpark_1200_fullgains.fits,LAB,2023-03-11 21:27:24,false,false,,,,,2023-03-11 21:27:19.989607,1200.0,1.0,0.0,2023-03-11 21:27:21.996913,0.000833389161,0.000833374451,4.4045149e-05,2023-03-11 10:20:11.01478,0.62,2023-03-11 21:27:23.703597,60.169208333333,-29.064694444444,89.989,0.002222222222,126.1697,2023-03-11 21:27:16.545707,2,1.0,0.98,2023-03-11 21:27:23.148917,"[0.74, 0.7, 0.5, 0.5, 0.25, 0.2, 0.2, 0.2, 0.15, 0.15, 0.15, 0.15, 0.05, 0.05, 0.05]","[1.0, 1.0, 1.0, 1.0, 1.0, 1.0, 1.0, 1.0, 1.0, 1.0, 1.0, 1.0, 1.0, 1.0, 0.95]",2023-03-11 21:27:19.989607,2023-03-11 21:27:21.996913,2023-03-11 10:20:11.01478,2023-03-11 21:27:23.703597,2023-03-11 21:27:16.545707,2023-03-11 21:27:23.148917
50,selfRM_20230311_12_LAB_spark_1200_020amps_20seps.fits,LAB,2023-03-11 21:34:27,true,true,,20.0,0.0,0.02,2023-03-11 21:34:26.213607,1200.0,1.0,0.0,2023-03-11 21:34:25.698908,0.000833389161,0.000833388631,4.3909307e-05,2023-03-11 10:20:11.01478,0.62,2023-03-11 21:34:26.775852,61.938041666667,-29.061222222222,89.989,0.002222222222,126.1696,2023-03-11 21:34:26.623324,2,1.0,0.98,2023-03-11 21:34:21.16139,"[0.74, 0.7, 0.5, 0.5, 0.25, 0.2, 0.2, 0.2, 0.15, 0.15, 0.15, 0.15, 0.05, 0.05, 0.05]","[1.0, 1.0, 1.0, 1.0, 1.0, 1.0, 1.0, 1.0, 1.0, 1.0, 1.0, 1.0, 1.0, 1.0, 0.95]",2023-03-11 21:34:26.213607,2023-03-11 21:34:25.698908,2023-03-11 10:20:11.01478,2023-03-11 21:34:26.775852,2023-03-11 21:34:26.623324,2023-03-11 21:34:21.16139
49,selfRM_20230311_12_LAB_spark_1200_010amps_20seps.fits,LAB,2023-03-11 21:40:57,true,true,,20.0,0.0,0.01,2023-03-11 21:40:54.603602,1200.0,1.0,0.0,2023-03-11 21:40:56.610947,0.000833389029,0.000833387571,4.4011752e-05,2023-03-11 10:20:11.01478,0.62,2023-03-11 21:40:56.252899,63.566166666667,-29.058,89.989,0.002222222222,126.1697,2023-03-11 21:40:56.694378,2,1.0,0.98,2023-03-11 21:40:49.012214,"[0.74, 0.7, 0.5, 0.5, 0.25, 0.2, 0.2, 0.2, 0.15, 0.15, 0.15, 0.15, 0.05, 0.05, 0.05]","[1.0, 1.0, 1.0, 1.0, 1.0, 1.0, 1.0, 1.0, 1.0, 1.0, 1.0, 1.0, 1.0, 1.0, 0.95]",2023-03-11 21:40:54.603602,2023-03-11 21:40:56.610947,2023-03-11 10:20:11.01478,2023-03-11 21:40:56.252899,2023-03-11 21:40:56.694378,2023-03-11 21:40:49.012214
45,selfRM_20230311_12_LAB_spark_0600_050amps_20seps.fits,LAB,2023-03-11 21:53:42,true,true,,20.0,0.0,0.05,2023-03-11 21:53:41.577606,600.0,1.0,0.0,2023-03-11 21:53:41.062894,0.001666778122,0.001666782099,4.4398352e-05,2023-03-11 10:20:11.01478,0.62,2023-03-11 21:53:41.246532,66.76375,-29.051527777778,89.989,0.002222222222,126.1698,2023-03-11 21:53:33.825731,2,1.0,0.98,2023-03-11 21:53:36.67865,"[0.74, 0.7, 0.5, 0.5, 0.25, 0.2, 0.2, 0.2, 0.15, 0.15, 0.15, 0.15, 0.05, 0.05, 0.05]","[1.0, 1.0, 1.0, 1.0, 1.0, 1.0, 1.0, 1.0, 1.0, 1.0, 1.0, 1.0, 1.0, 1.0, 0.95]",2023-03-11 21:53:41.577606,2023-03-11 21:53:41.062894,2023-03-11 10:20:11.01478,2023-03-11 21:53:41.246532,2023-03-11 21:53:33.825731,2023-03-11 21:53:36.67865
38,selfRM_20230311_12_LAB_noSpark_0600_fullgains.fits,LAB,2023-03-11 22:00:43,false,false,,,,,2023-03-11 22:00:42.755602,600.0,1.0,0.0,2023-03-11 22:00:42.240891,0.001666778122,0.001666778321,4.4321e-05,2023-03-11 10:20:11.01478,0.62,2023-03-11 22:00:42.201198,68.523166666667,-29.047916666667,89.989,0.002222222222,126.1698,2023-03-11 22:00:33.897062,2,1.0,0.98,2023-03-11 22:00:34.667528,"[0.74, 0.7, 0.5, 0.5, 0.25, 0.2, 0.2, 0.2, 0.15, 0.15, 0.15, 0.15, 0.05, 0.05, 0.05]","[1.0, 1.0, 1.0, 1.0, 1.0, 1.0, 1.0, 1.0, 1.0, 1.0, 1.0, 1.0, 1.0, 1.0, 0.95]",2023-03-11 22:00:42.755602,2023-03-11 22:00:42.240891,2023-03-11 10:20:11.01478,2023-03-11 22:00:42.201198,2023-03-11 22:00:33.897062,2023-03-11 22:00:34.667528
44,selfRM_20230311_12_LAB_spark_0600_020amps_20seps.fits,LAB,2023-03-11 22:10:44,true,true,,20.0,0.0,0.02,2023-03-11 22:10:42.993597,600.0,1.0,0.0,2023-03-11 22:10:42.478905,0.001666778122,0.001666779116,4.4225752e-05,2023-03-11 10:20:11.01478,0.62,2023-03-11 22:10:43.542808,71.0365,-29.042638888889,89.989,0.002222222222,126.1696,2023-03-11 22:10:42.003008,2,1.0,0.98,2023-03-11 22:10:34.527261,"[0.74, 0.7, 0.5, 0.5, 0.25, 0.2, 0.2, 0.2, 0.15, 0.15, 0.15, 0.15, 0.05, 0.05, 0.05]","[1.0, 1.0, 1.0, 1.0, 1.0, 1.0, 1.0, 1.0, 1.0, 1.0, 1.0, 1.0, 1.0, 1.0, 0.95]",2023-03-11 22:10:42.993597,2023-03-11 22:10:42.478905,2023-03-11 10:20:11.01478,2023-03-11 22:10:43.542808,2023-03-11 22:10:42.003008,2023-03-11 22:10:34.527261
43,selfRM_20230311_12_LAB_spark_0600_010amps_20seps.fits,LAB,2023-03-11 22:21:04,true,true,,20.0,0.0,0.01,2023-03-11 22:21:03.407596,600.0,1.0,0.0,2023-03-11 22:21:02.892889,0.001666778122,0.001666781503,4.4119965e-05,2023-03-11 10:20:11.01478,0.62,2023-03-11 22:21:02.893212,73.625416666667,-29.037138888889,89.989,0.002222222222,126.1695,2023-03-11 22:21:02.110512,2,1.0,0.98,2023-03-11 22:21:03.528468,"[0.74, 0.7, 0.5, 0.5, 0.25, 0.2, 0.2, 0.2, 0.15, 0.15, 0.15, 0.15, 0.05, 0.05, 0.05]","[1.0, 1.0, 1.0, 1.0, 1.0, 1.0, 1.0, 1.0, 1.0, 1.0, 1.0, 1.0, 1.0, 1.0, 0.95]",2023-03-11 22:21:03.407596,2023-03-11 22:21:02.892889,2023-03-11 10:20:11.01478,2023-03-11 22:21:02.893212,2023-03-11 22:21:02.110512,2023-03-11 22:21:03.528468
48,selfRM_20230311_12_LAB_spark_0900_050amps_20seps.fits,LAB,2023-03-11 22:34:35,true,true,,20.0,0.0,0.05,2023-03-11 22:34:34.9886,900.0,1.0,0.0,2023-03-11 22:34:34.473856,0.001111168694,0.001111167898,4.4159181e-05,2023-03-11 10:20:11.01478,0.62,2023-03-11 22:34:34.971164,77.018791666667,-29.029833333333,89.989,0.002222222222,126.1691,2023-03-11 22:34:27.252333,2,1.0,0.98,2023-03-11 22:34:33.387974,"[0.74, 0.7, 0.5, 0.5, 0.25, 0.2, 0.2, 0.2, 0.15, 0.15, 0.15, 0.15, 0.05, 0.05, 0.05]","[1.0, 1.0, 1.0, 1.0, 1.0, 1.0, 1.0, 1.0, 1.0, 1.0, 1.0, 1.0, 1.0, 1.0, 0.95]",2023-03-11 22:34:34.9886,2023-03-11 22:34:34.473856,2023-03-11 10:20:11.01478,2023-03-11 22:34:34.971164,2023-03-11 22:34:27.252333,2023-03-11 22:34:33.387974
39,selfRM_20230311_12_LAB_noSpark_0900_fullgains.fits,LAB,2023-03-11 22:38:44,false,false,,,,,2023-03-11 22:38:42.1456,900.0,1.0,0.0,2023-03-11 22:38:41.630874,0.001111166704,0.001111170684,4.419978e-05,2023-03-11 10:20:11.01478,0.62,2023-03-11 22:38:43.701726,78.057958333333,-29.027583333333,89.989,0.002222222222,126.1689,2023-03-11 22:38:37.295185,2,1.0,0.98,2023-03-11 22:38:42.579266,"[0.74, 0.7, 0.5, 0.5, 0.25, 0.2, 0.2, 0.2, 0.15, 0.15, 0.15, 0.15, 0.05, 0.05, 0.05]","[1.0, 1.0, 1.0, 1.0, 1.0, 1.0, 1.0, 1.0, 1.0, 1.0, 1.0, 1.0, 1.0, 1.0, 0.95]",2023-03-11 22:38:42.1456,2023-03-11 22:38:41.630874,2023-03-11 10:20:11.01478,2023-03-11 22:38:43.701726,2023-03-11 22:38:37.295185,2023-03-11 22:38:42.579266
47,selfRM_20230311_12_LAB_spark_0900_020amps_20seps.fits,LAB,2023-03-11 22:46:50,true,true,,20.0,0.0,0.02,2023-03-11 22:46:48.894604,900.0,1.0,0.0,2023-03-11 22:46:48.379894,0.001111168694,0.001111166306,4.4116592e-05,2023-03-11 10:20:11.01478,0.62,2023-03-11 22:46:49.442143,80.088166666667,-29.023138888889,89.989,0.002222222222,126.1684,2023-03-11 22:46:47.379624,2,1.0,0.98,2023-03-11 22:46:40.866354,"[0.74, 0.7, 0.5, 0.5, 0.25, 0.2, 0.2, 0.2, 0.15, 0.15, 0.15, 0.15, 0.05, 0.05, 0.05]","[1.0, 1.0, 1.0, 1.0, 1.0, 1.0, 1.0, 1.0, 1.0, 1.0, 1.0, 1.0, 1.0, 1.0, 0.95]",2023-03-11 22:46:48.894604,2023-03-11 22:46:48.379894,2023-03-11 10:20:11.01478,2023-03-11 22:46:49.442143,2023-03-11 22:46:47.379624,2023-03-11 22:46:40.866354
46,selfRM_20230311_12_LAB_spark_0900_010amps_20seps.fits,LAB,2023-03-11 22:54:48,true,true,,20.0,0.0,0.01,2023-03-11 22:54:40.509609,900.0,1.0,0.0,2023-03-11 22:54:47.560855,0.001111167102,0.001111170286,4.3543432e-05,2023-03-11 10:20:11.01478,0.62,2023-03-11 22:54:47.203634,82.084125,-29.01875,89.989,0.002222222222,126.168,2023-03-11 22:54:47.462625,2,1.0,0.98,2023-03-11 22:54:40.147041,"[0.74, 0.7, 0.5, 0.5, 0.25, 0.2, 0.2, 0.2, 0.15, 0.15, 0.15, 0.15, 0.05, 0.05, 0.05]","[1.0, 1.0, 1.0, 1.0, 1.0, 1.0, 1.0, 1.0, 1.0, 1.0, 1.0, 1.0, 1.0, 1.0, 0.95]",2023-03-11 22:54:40.509609,2023-03-11 22:54:47.560855,2023-03-11 10:20:11.01478,2023-03-11 22:54:47.203634,2023-03-11 22:54:47.462625,2023-03-11 22:54:40.147041
75,selfRM_20230311_12_LAB_noSpark_1800_20stlng.fits,TST,2023-03-11 23:12:52,false,false,,,,,2023-03-11 23:12:49.496605,1800.0,1.0,0.0,2023-03-11 23:12:51.503882,0.000555610763,0.000555608906,4.3690271e-05,2023-03-11 10:20:11.01478,0.62,2023-03-11 23:12:51.99995,86.669,-29.023416666667,90.012,0.001111111111,279.3694,2023-03-11 23:12:49.657341,2,1.0,0.98,2023-03-11 23:12:46.338412,"[0.6, 0.65, 0.5, 0.4, 0.4, 0.2, 0.15, 0.15, 0.05, 0.1, 0.1, 0.1, 0.05, 0.05, 0.05]","[1.0, 1.0, 1.0, 1.0, 1.0, 1.0, 1.0, 1.0, 1.0, 1.0, 1.0, 1.0, 1.0, 1.0, 0.95]",2023-03-11 23:12:49.496605,2023-03-11 23:12:51.503882,2023-03-11 10:20:11.01478,2023-03-11 23:12:51.99995,2023-03-11 23:12:49.657341,2023-03-11 23:12:46.338412
37,selfRM_20230311_12_LAB_loopOff_1800_20stlng.fits,LAB,2023-03-11 23:28:12,false,false,,,,,2023-03-11 23:28:10.030602,1800.0,1.0,0.0,2023-03-11 23:28:09.515901,0.000555610763,0.000555612089,4.4216171e-05,2023-03-11 10:20:11.01478,0.62,2023-03-11 23:28:11.592504,96.125791666667,-28.991888888889,85.2702,0.360555555556,241.4117,2023-03-11 23:28:08.827384,0,1.0,0.98,2023-03-11 23:28:02.580605,"[0.6, 0.65, 0.5, 0.4, 0.4, 0.2, 0.15, 0.15, 0.05, 0.1, 0.1, 0.1, 0.05, 0.05, 0.05]","[1.0, 1.0, 1.0, 1.0, 1.0, 1.0, 1.0, 1.0, 1.0, 1.0, 1.0, 1.0, 1.0, 1.0, 0.95]",2023-03-11 23:28:10.030602,2023-03-11 23:28:09.515901,2023-03-11 10:20:11.01478,2023-03-11 23:28:11.592504,2023-03-11 23:28:08.827384,2023-03-11 23:28:02.580605
10,selfRM_20230311_12_TWA7_sparkles_sep15_amp02.fits,SKY,2023-03-12 03:01:06,true,true,,15.0,0.0,0.02,2023-03-12 03:01:05.035604,1200.0,600.0,0.0,2023-03-12 03:01:04.520896,0.000833388499,0.000833387969,4.4242616e-05,2023-03-12 03:00:57.688038,0.67,2023-03-12 03:01:05.252175,160.628916666667,-33.664305555556,74.8995,-1.120833333333,291.701,2023-03-12 03:01:01.256845,2,1.0,0.99,2023-03-12 03:01:03.898381,"[0.75, 0.7, 0.6, 0.5, 0.45, 0.35, 0.35, 0.3, 0.25, 0.2, 0.15, 0.1, 0.1, 0.0, 0.0]","[1.0, 1.0, 1.0, 1.0, 1.0, 0.99, 0.99, 0.98, 0.98, 0.98, 0.97, 0.97, 0.97, 0.97, 0.95]",2023-03-12 03:01:05.035604,2023-03-12 03:01:04.520896,2023-03-12 03:00:57.688038,2023-03-12 03:01:05.252175,2023-03-12 03:01:01.256845,2023-03-12 03:01:03.898381
12,selfRM_20230312_13_HR2562_sep15_amp_02.fits,SKY,2023-03-13 02:20:16,true,true,,15.0,0.0,0.02,2023-03-13 02:20:06.214593,1800.0,600.0,0.0,2023-03-13 02:20:15.787861,0.000555609782,0.00055560965,5.2900431e-05,2023-03-13 02:20:06.278948,0.81,2023-03-13 02:20:15.573231,102.498875,-60.253444444444,52.0016,2.150833333333,20.2247,2023-03-13 02:20:07.76091,2,1.0,0.99,2023-03-13 02:20:07.789304,"[0.65, 0.65, 0.35, 0.25, 0.3, 0.25, 0.2, 0.2, 0.15, 0.15, 0.15, 0.15, 0.15, 0.15, 0.05]","[1.0, 1.0, 1.0, 1.0, 1.0, 0.99, 0.99, 0.98, 0.98, 0.98, 0.97, 0.97, 0.97, 0.97, 0.95]",2023-03-13 02:20:06.214593,2023-03-13 02:20:15.787861,2023-03-13 02:20:06.278948,2023-03-13 02:20:15.573231,2023-03-13 02:20:07.76091,2023-03-13 02:20:07.789304
13,selfRM_20230312_13_HR2562_sep15_amp_02_05gains.fits,SKY,2023-03-13 02:25:26,true,true,,15.0,0.0,0.02,2023-03-13 02:25:23.99861,1800.0,600.0,0.0,2023-03-13 02:25:23.483847,0.000555607529,0.000555591361,5.2632591e-05,2023-03-13 02:21:23.107158,0.81,2023-03-13 02:25:25.932113,102.4985,-60.253194444444,51.5089,2.237222222222,20.2282,2023-03-13 02:25:24.818586,2,0.5,0.99,2023-03-13 02:25:16.949629,"[0.65, 0.65, 0.35, 0.25, 0.3, 0.25, 0.2, 0.2, 0.15, 0.15, 0.15, 0.15, 0.15, 0.15, 0.05]","[1.0, 1.0, 1.0, 1.0, 1.0, 0.99, 0.99, 0.98, 0.98, 0.98, 0.97, 0.97, 0.97, 0.97, 0.95]",2023-03-13 02:25:23.99861,2023-03-13 02:25:23.483847,2023-03-13 02:21:23.107158,2023-03-13 02:25:25.932113,2023-03-13 02:25:24.818586,2023-03-13 02:25:16.949629
11,selfRM_20230312_13_HD106906_sep15_amp_02.fits,SKY,2023-03-13 04:15:33,true,true,,15.0,0.0,0.02,2023-03-13 04:15:31.888652,1800.0,600.0,0.0,2023-03-13 04:15:31.37385,0.000555611505,0.00055561071,5.2574809e-05,2023-03-13 04:15:27.333789,0.55,2023-03-13 04:15:32.471984,184.482875,-55.9755,59.0703,-1.404166666667,327.4111,2023-03-13 04:15:32.009795,2,1.0,0.99,2023-03-13 04:15:30.040907,"[0.65, 0.65, 0.35, 0.25, 0.3, 0.25, 0.2, 0.2, 0.15, 0.15, 0.15, 0.15, 0.15, 0.15, 0.05]","[1.0, 1.0, 1.0, 1.0, 1.0, 0.99, 0.99, 0.98, 0.98, 0.98, 0.97, 0.97, 0.97, 0.97, 0.95]",2023-03-13 04:15:31.888652,2023-03-13 04:15:31.37385,2023-03-13 04:15:27.333789,2023-03-13 04:15:32.471984,2023-03-13 04:15:32.009795,2023-03-13 04:15:30.040907
14,selfRM_20230312_13_PSF-HD144271_sep13_amp02.fits,SKY,2023-03-13 10:20:47,true,true,,15.0,0.0,0.02,2023-03-13 10:20:45.508617,1800.0,600.0,0.0,2023-03-13 10:20:44.993884,0.000555610312,0.000555608324,4.3760875e-05,2023-03-13 10:20:45.912779,0.51,2023-03-13 10:20:46.913898,241.279791666667,-3.526361111111,61.4601,0.914166666667,193.4174,2023-03-13 10:20:45.149174,2,1.0,0.99,2023-03-13 10:20:40.79661,"[0.65, 0.65, 0.35, 0.25, 0.3, 0.25, 0.2, 0.2, 0.15, 0.15, 0.15, 0.15, 0.1, 0.1, 0.05]","[1.0, 1.0, 1.0, 1.0, 1.0, 0.99, 0.99, 0.98, 0.98, 0.98, 0.97, 0.97, 0.97, 0.97, 0.95]",2023-03-13 10:20:45.508617,2023-03-13 10:20:44.993884,2023-03-13 10:20:45.912779,2023-03-13 10:20:46.913898,2023-03-13 10:20:45.149174,2023-03-13 10:20:40.79661
15,selfRM_20230313_14_HD100546_sep15_amp016.fits,SKY,2023-03-14 05:51:29,true,true,,15.0,0.0,0.016283,2023-03-14 05:51:28.398615,1800.0,600.0,0.0,2023-03-14 05:51:27.884024,0.000555610445,0.000555609517,4.3749345e-05,2023-03-14 05:51:23.762819,0.42,2023-03-14 05:51:28.900203,173.356583333333,-70.2,47.824,1.01,0.62,2023-03-14 05:51:24.89766,2,1.0,0.98,2023-03-14 05:51:25.811098,"[0.75, 0.75, 0.5, 0.35, 0.3, 0.3, 0.25, 0.25, 0.25, 0.15, 0.1, 0.1, 0.05, 0.04, 0.03]","[1.0, 1.0, 1.0, 1.0, 1.0, 0.99, 0.99, 0.98, 0.98, 0.98, 0.97, 0.97, 0.97, 0.97, 0.95]",2023-03-14 05:51:28.398615,2023-03-14 05:51:27.884024,2023-03-14 05:51:23.762819,2023-03-14 05:51:28.900203,2023-03-14 05:51:24.89766,2023-03-14 05:51:25.811098
59,selfRM_20230315_LAB_spark_1800_050amps_15seps.fits,LAB,2023-03-15 22:12:21,true,true,,15.0,0.0,0.05,2023-03-15 22:12:19.252603,1800.0,10.0,0.0,2023-03-15 22:12:18.737903,0.000555610312,0.000555608324,4.3577059e-05,2023-03-15 10:24:40.870445,0.47,2023-03-15 22:12:20.649144,75.39625,-29.048666666667,90.0004,0.001388888889,86.616,2023-03-15 22:12:17.137804,2,1.0,0.98,2023-03-15 22:12:19.630727,"[0.65, 0.65, 0.35, 0.25, 0.25, 0.25, 0.15, 0.15, 0.1, 0.1, 0.1, 0.1, 0.1, 0.1, 0.05]","[1.0, 1.0, 1.0, 1.0, 1.0, 0.99, 0.99, 0.98, 0.98, 0.98, 0.97, 0.97, 0.97, 0.97, 0.95]",2023-03-15 22:12:19.252603,2023-03-15 22:12:18.737903,2023-03-15 10:24:40.870445,2023-03-15 22:12:20.649144,2023-03-15 22:12:17.137804,2023-03-15 22:12:19.630727
57,selfRM_20230315_LAB_spark_1800_020amps_15seps.fits,LAB,2023-03-15 22:15:16,true,true,,15.0,0.0,0.02,2023-03-15 22:15:15.793598,1800.0,10.0,0.0,2023-03-15 22:15:15.277897,0.000555610312,0.000555610047,4.3515035e-05,2023-03-15 10:24:40.870445,0.47,2023-03-15 22:15:15.952549,76.128416666667,-29.047083333333,90.0004,0.001388888889,86.6154,2023-03-15 22:15:07.167329,2,1.0,0.98,2023-03-15 22:15:08.738213,"[0.65, 0.65, 0.35, 0.25, 0.25, 0.25, 0.15, 0.15, 0.1, 0.1, 0.1, 0.1, 0.1, 0.1, 0.05]","[1.0, 1.0, 1.0, 1.0, 1.0, 0.99, 0.99, 0.98, 0.98, 0.98, 0.97, 0.97, 0.97, 0.97, 0.95]",2023-03-15 22:15:15.793598,2023-03-15 22:15:15.277897,2023-03-15 10:24:40.870445,2023-03-15 22:15:15.952549,2023-03-15 22:15:07.167329,2023-03-15 22:15:08.738213
55,selfRM_20230315_LAB_spark_1800_016amps_15seps.fits,LAB,2023-03-15 22:18:21,true,true,,15.0,0.0,0.016,2023-03-15 22:18:19.8996,1800.0,10.0,0.0,2023-03-15 22:18:19.384921,0.000555610312,0.000555608457,4.3495421e-05,2023-03-15 10:24:40.870445,0.47,2023-03-15 22:18:20.169304,76.898916666667,-29.045416666667,90.0004,0.001388888889,86.616,2023-03-15 22:18:17.200659,2,1.0,0.98,2023-03-15 22:18:18.003167,"[0.65, 0.65, 0.35, 0.25, 0.25, 0.25, 0.15, 0.15, 0.1, 0.1, 0.1, 0.1, 0.1, 0.1, 0.05]","[1.0, 1.0, 1.0, 1.0, 1.0, 0.99, 0.99, 0.98, 0.98, 0.98, 0.97, 0.97, 0.97, 0.97, 0.95]",2023-03-15 22:18:19.8996,2023-03-15 22:18:19.384921,2023-03-15 10:24:40.870445,2023-03-15 22:18:20.169304,2023-03-15 22:18:17.200659,2023-03-15 22:18:18.003167
56,selfRM_20230315_LAB_spark_1800_020amps_13seps.fits,LAB,2023-03-15 22:21:30,true,true,,13.0,0.0,0.02,2023-03-15 22:21:29.049601,1800.0,10.0,0.0,2023-03-15 22:21:28.534884,0.000555610312,0.000555608192,4.3506288e-05,2023-03-15 10:24:40.870445,0.47,2023-03-15 22:21:29.089539,77.687833333333,-29.043694444444,90.0004,0.001388888889,86.6149,2023-03-15 22:21:27.235119,2,1.0,0.98,2023-03-15 22:21:27.23895,"[0.65, 0.65, 0.35, 0.25, 0.25, 0.25, 0.15, 0.15, 0.1, 0.1, 0.1, 0.1, 0.1, 0.1, 0.05]","[1.0, 1.0, 1.0, 1.0, 1.0, 0.99, 0.99, 0.98, 0.98, 0.98, 0.97, 0.97, 0.97, 0.97, 0.95]",2023-03-15 22:21:29.049601,2023-03-15 22:21:28.534884,2023-03-15 10:24:40.870445,2023-03-15 22:21:29.089539,2023-03-15 22:21:27.235119,2023-03-15 22:21:27.23895
58,selfRM_20230315_LAB_spark_1800_020amps_20seps_1Hz.fits,LAB,2023-03-15 22:52:25,true,true,,20.0,0.0,0.02,2023-03-15 22:52:22.737601,1800.0,10.0,0.0,2023-03-15 22:52:24.744906,0.000555610445,0.000555608457,4.3550155e-05,2023-03-15 10:24:40.870445,0.47,2023-03-15 22:52:24.013011,85.438958333333,-29.026583333333,90.0004,0.001388888889,86.6132,2023-03-15 22:52:17.576671,2,1.0,0.98,2023-03-15 22:52:18.426598,"[0.65, 0.65, 0.35, 0.25, 0.25, 0.25, 0.15, 0.15, 0.1, 0.1, 0.1, 0.1, 0.1, 0.1, 0.05]","[1.0, 1.0, 1.0, 1.0, 1.0, 0.99, 0.99, 0.98, 0.98, 0.98, 0.97, 0.97, 0.97, 0.97, 0.95]",2023-03-15 22:52:22.737601,2023-03-15 22:52:24.744906,2023-03-15 10:24:40.870445,2023-03-15 22:52:24.013011,2023-03-15 22:52:17.576671,2023-03-15 22:52:18.426598
60,selfRM_20230315_LAB_spark_1800_050amps_20seps_1Hz.fits,LAB,2023-03-15 22:55:35,true,true,,20.0,0.0,0.05,2023-03-15 22:55:31.888608,1800.0,10.0,0.0,2023-03-15 22:55:33.895922,0.000555610445,0.000555607397,4.3586601e-05,2023-03-15 10:24:40.870445,0.47,2023-03-15 22:55:34.519944,86.234291666667,-29.024833333333,90.0004,0.001388888889,86.6138,2023-03-15 22:55:27.610806,2,1.0,0.98,2023-03-15 22:55:27.665733,"[0.65, 0.65, 0.35, 0.25, 0.25, 0.25, 0.15, 0.15, 0.1, 0.1, 0.1, 0.1, 0.1, 0.1, 0.05]","[1.0, 1.0, 1.0, 1.0, 1.0, 0.99, 0.99, 0.98, 0.98, 0.98, 0.97, 0.97, 0.97, 0.97, 0.95]",2023-03-15 22:55:31.888608,2023-03-15 22:55:33.895922,2023-03-15 10:24:40.870445,2023-03-15 22:55:34.519944,2023-03-15 22:55:27.610806,2023-03-15 22:55:27.665733
16,selfRM_20230316_0055_BetaPic_spark_020amps_22seps.fits,SKY,2023-03-16 00:57:13,true,true,,22.0,-20.0,0.02,2023-03-16 00:57:12.547609,1800.0,250.0,0.0,2023-03-16 00:57:12.032888,0.000555610312,0.000555608854,4.3734767e-05,2023-03-16 00:57:05.779674,0.58,2023-03-16 00:57:11.943448,86.818791666667,-51.072944444444,58.5758,2.000833333333,43.7169,2023-03-16 00:57:04.926584,2,1.0,0.98,2023-03-16 00:57:03.336169,"[0.7, 0.7, 0.35, 0.25, 0.25, 0.25, 0.2, 0.15, 0.15, 0.1, 0.1, 0.1, 0.1, 0.09, 0.03]","[1.0, 1.0, 1.0, 1.0, 1.0, 0.99, 0.99, 0.98, 0.98, 0.98, 0.97, 0.97, 0.97, 0.97, 0.95]",2023-03-16 00:57:12.547609,2023-03-16 00:57:12.032888,2023-03-16 00:57:05.779674,2023-03-16 00:57:11.943448,2023-03-16 00:57:04.926584,2023-03-16 00:57:03.336169
17,selfRM_20230316_0250_BetaPic_spark_020amps_22seps.fits,SKY,2023-03-16 02:50:34,true,true,,22.0,-20.0,0.02,2023-03-16 02:50:29.413605,1800.0,250.0,0.0,2023-03-16 02:50:33.942893,0.000555610842,0.000555612168,4.3625961e-05,2023-03-16 02:50:27.364221,0.41,2023-03-16 02:50:33.116975,86.811666666667,-51.067694444444,41.7146,3.895833333333,43.7129,2023-03-16 02:50:28.177318,2,1.0,0.98,2023-03-16 02:50:30.16892,"[0.65, 0.6, 0.35, 0.2, 0.25, 0.25, 0.15, 0.15, 0.1, 0.1, 0.1, 0.1, 0.1, 0.04, 0.03]","[1.0, 1.0, 1.0, 1.0, 1.0, 0.99, 0.99, 0.98, 0.98, 0.98, 0.97, 0.97, 0.97, 0.97, 0.95]",2023-03-16 02:50:29.413605,2023-03-16 02:50:33.942893,2023-03-16 02:50:27.364221,2023-03-16 02:50:33.116975,2023-03-16 02:50:28.177318,2023-03-16 02:50:30.16892
18,selfRM_20230316_0305_BetaPic_spark_020amps_22seps.fits,SKY,2023-03-16 03:08:44,true,true,,22.0,-20.0,0.02,2023-03-16 03:08:41.484606,1800.0,250.0,0.0,2023-03-16 03:08:43.491899,0.000555610312,0.000555608324,4.3709719e-05,2023-03-16 03:08:35.437108,0.39,2023-03-16 03:08:43.698659,86.811208333333,-51.066611111111,38.8475,4.199444444444,43.7118,2023-03-16 03:08:38.380432,2,1.0,0.98,2023-03-16 03:08:43.35643,"[0.65, 0.6, 0.35, 0.2, 0.25, 0.25, 0.15, 0.15, 0.1, 0.1, 0.1, 0.1, 0.1, 0.04, 0.03]","[1.0, 1.0, 1.0, 1.0, 1.0, 0.99, 0.99, 0.98, 0.98, 0.98, 0.97, 0.97, 0.97, 0.97, 0.95]",2023-03-16 03:08:41.484606,2023-03-16 03:08:43.491899,2023-03-16 03:08:35.437108,2023-03-16 03:08:43.698659,2023-03-16 03:08:38.380432,2023-03-16 03:08:43.35643
20,selfRM_20230316_HD95086_spark_020amps_15seps.fits,SKY,2023-03-16 07:02:33,true,true,,15.0,0.0,0.02,2023-03-16 07:02:26.047609,1800.0,600.0,0.0,2023-03-16 07:02:30.576857,0.000555610445,0.000555609119,4.3686394e-05,2023-03-16 07:02:32.258222,0.86,2023-03-16 07:02:32.257228,164.252958333333,-68.672638888889,42.8185,2.939166666667,22.725,2023-03-16 07:02:31.961441,2,1.0,0.98,2023-03-16 07:02:26.714439,"[0.7, 0.7, 0.6, 0.4, 0.3, 0.25, 0.2, 0.15, 0.15, 0.1, 0.05, 0.05, 0.01, 0.01, 0.01]","[1.0, 1.0, 1.0, 1.0, 1.0, 0.99, 0.99, 0.98, 0.98, 0.98, 0.97, 0.97, 0.97, 0.97, 0.95]",2023-03-16 07:02:26.047609,2023-03-16 07:02:30.576857,2023-03-16 07:02:32.258222,2023-03-16 07:02:32.257228,2023-03-16 07:02:31.961441,2023-03-16 07:02:26.714439
19,selfRM_20230316_HD143006_spark_020amps_20seps.fits,SKY,2023-03-16 10:24:36,true,true,,20.0,0.0,0.02,2023-03-16 10:24:33.564608,1800.0,600.0,0.0,2023-03-16 10:24:35.571909,0.000555610842,0.000555609782,4.3663069e-05,2023-03-16 10:24:30.617204,0.45,2023-03-16 10:24:35.773197,239.648125,-22.960361111111,71.7781,1.281111111111,271.7853,2023-03-16 10:24:32.204102,2,1.0,0.98,2023-03-16 10:24:29.369584,"[0.7, 0.7, 0.6, 0.4, 0.3, 0.25, 0.2, 0.15, 0.15, 0.1, 0.05, 0.05, 0.01, 0.01, 0.01]","[1.0, 1.0, 1.0, 1.0, 1.0, 0.99, 0.99, 0.98, 0.98, 0.98, 0.97, 0.97, 0.97, 0.97, 0.95]",2023-03-16 10:24:33.564608,2023-03-16 10:24:35.571909,2023-03-16 10:24:30.617204,2023-03-16 10:24:35.773197,2023-03-16 10:24:32.204102,2023-03-16 10:24:29.369584
61,selfRM_20230316_LAB_spark_1800_020amps_22seps.fits,LAB,2023-03-16 18:33:11,true,true,,22.0,0.0,0.02,2023-03-16 18:33:08.709601,1800.0,1.0,0.0,2023-03-16 18:33:10.716899,0.000555609782,0.000555607131,4.3623178e-05,2023-03-16 10:24:59.30358,0.45,2023-03-16 17:47:24.158739,9.9555,-29.12475,89.9945,-0.000555555556,275.0734,2023-03-16 18:33:01.508523,2,1.0,0.98,2023-03-16 18:33:07.180044,"[0.6, 0.6, 0.4, 0.4, 0.35, 0.3, 0.25, 0.2, 0.2, 0.15, 0.15, 0.1, 0.05, 0.03, 0.02]","[1.0, 1.0, 1.0, 1.0, 1.0, 0.99, 0.99, 0.98, 0.98, 0.98, 0.97, 0.97, 0.97, 0.97, 0.95]",2023-03-16 18:33:08.709601,2023-03-16 18:33:10.716899,2023-03-16 10:24:59.30358,2023-03-16 17:47:24.158739,2023-03-16 18:33:01.508523,2023-03-16 18:33:07.180044
62,selfRM_20230316_LAB_spark_1800_020amps_22seps_n20angs.fits,LAB,2023-03-16 18:48:02,true,true,,22.0,-20.0,0.02,2023-03-16 18:48:01.507621,1800.0,1.0,0.0,2023-03-16 18:48:00.9929,0.000555610312,0.000555607662,4.3634841e-05,2023-03-16 10:24:59.30358,0.45,2023-03-16 17:47:24.158739,9.9555,-29.12475,89.9945,-0.000555555556,275.0734,2023-03-16 18:48:01.673241,2,1.0,0.98,2023-03-16 18:47:55.036972,"[0.6, 0.6, 0.4, 0.4, 0.35, 0.3, 0.25, 0.2, 0.2, 0.15, 0.15, 0.1, 0.05, 0.03, 0.02]","[1.0, 1.0, 1.0, 1.0, 1.0, 0.99, 0.99, 0.98, 0.98, 0.98, 0.97, 0.97, 0.97, 0.97, 0.95]",2023-03-16 18:48:01.507621,2023-03-16 18:48:00.9929,2023-03-16 10:24:59.30358,2023-03-16 17:47:24.158739,2023-03-16 18:48:01.673241,2023-03-16 18:47:55.036972
29,selfRM_20230317_BPIC_OLD.fits,SKY,2023-03-17 03:09:33,true,true,,20.0,45.0,0.02,2023-03-17 03:09:29.829608,1800.0,250.0,0.0,2023-03-17 03:09:31.83692,0.000555610842,0.000555606336,4.3799839e-05,2023-03-17 03:00:56.498272,0.97,2023-03-17 03:09:32.705185,86.811583333333,-51.067583333333,38.094,4.279444444444,75.5909,2023-03-17 03:09:24.180704,2,0.9,0.98,2023-03-17 03:09:25.209029,"[0.6, 0.6, 0.4, 0.4, 0.35, 0.3, 0.25, 0.2, 0.1, 0.05, 0.05, 0.1, 0.1, 0.05, 0.05]","[1.0, 1.0, 1.0, 1.0, 1.0, 0.99, 0.99, 0.98, 0.98, 0.98, 0.97, 0.97, 0.97, 0.97, 0.95]",2023-03-17 03:09:29.829608,2023-03-17 03:09:31.83692,2023-03-17 03:00:56.498272,2023-03-17 03:09:32.705185,2023-03-17 03:09:24.180704,2023-03-17 03:09:25.209029
30,selfRM_20230317_HD142527.fits,BAD,2023-03-17 03:09:33,true,true,,20.0,45.0,0.02,2023-03-17 03:09:29.829608,1800.0,250.0,0.0,2023-03-17 03:09:31.83692,0.000555610842,0.000555606336,4.3799839e-05,2023-03-17 03:00:56.498272,0.97,2023-03-17 03:09:32.705185,86.811583333333,-51.067583333333,38.094,4.279444444444,75.5909,2023-03-17 03:09:24.180704,2,0.9,0.98,2023-03-17 03:09:25.209029,"[0.6, 0.6, 0.4, 0.4, 0.35, 0.3, 0.25, 0.2, 0.1, 0.05, 0.05, 0.1, 0.1, 0.05, 0.05]","[1.0, 1.0, 1.0, 1.0, 1.0, 0.99, 0.99, 0.98, 0.98, 0.98, 0.97, 0.97, 0.97, 0.97, 0.95]",2023-03-17 03:09:29.829608,2023-03-17 03:09:31.83692,2023-03-17 03:00:56.498272,2023-03-17 03:09:32.705185,2023-03-17 03:09:24.180704,2023-03-17 03:09:25.209029
21,selfRM_20230317_0354_HD95086.fits,SKY,2023-03-17 03:53:37,true,true,,20.0,0.0,0.02,2023-03-17 03:53:36.434608,1800.0,600.0,0.0,2023-03-17 03:53:35.919909,0.000555610975,0.000555609119,4.3783405e-05,2023-03-17 03:53:32.855751,0.9,2023-03-17 03:53:36.975886,164.279875,-68.671972222222,50.2114,-0.153611111111,23.6632,2023-03-17 03:53:28.660108,2,1.5,0.98,2023-03-17 03:53:36.755605,"[0.6, 0.5, 0.35, 0.35, 0.3, 0.3, 0.25, 0.2, 0.15, 0.05, 0.1, 0.2, 0.1, 0.1, 0.05]","[1.0, 1.0, 1.0, 1.0, 1.0, 0.99, 0.99, 0.98, 0.98, 0.98, 0.97, 0.97, 0.97, 0.97, 0.95]",2023-03-17 03:53:36.434608,2023-03-17 03:53:35.919909,2023-03-17 03:53:32.855751,2023-03-17 03:53:36.975886,2023-03-17 03:53:28.660108,2023-03-17 03:53:36.755605
22,selfRM_20230317_0411_HD95086.fits,SKY,2023-03-17 04:14:27,true,true,,20.0,0.0,0.02,2023-03-17 04:14:24.840622,1800.0,600.0,0.0,2023-03-17 04:14:26.848078,0.000555610842,0.000555610842,4.3634708e-05,2023-03-17 04:14:24.501039,1.19,2023-03-17 04:14:26.504115,164.277958333333,-68.67275,50.1974,0.194444444444,23.6591,2023-03-17 04:14:26.965062,0,1.17,0.98,2023-03-17 04:14:19.663031,"[0.6, 0.5, 0.35, 0.35, 0.3, 0.3, 0.25, 0.2, 0.15, 0.05, 0.1, 0.2, 0.1, 0.1, 0.05]","[1.0, 1.0, 1.0, 1.0, 1.0, 0.99, 0.99, 0.98, 0.98, 0.98, 0.97, 0.97, 0.97, 0.97, 0.95]",2023-03-17 04:14:24.840622,2023-03-17 04:14:26.848078,2023-03-17 04:14:24.501039,2023-03-17 04:14:26.504115,2023-03-17 04:14:26.965062,2023-03-17 04:14:19.663031
23,selfRM_20230317_0426_HD95086.fits,SKY,2023-03-17 04:28:57,true,true,,20.0,0.0,0.02,2023-03-17 04:28:56.424789,1800.0,600.0,0.0,2023-03-17 04:28:54.902868,0.000555611505,0.000555608589,4.3463482e-05,2023-03-17 04:28:50.591838,1.09,2023-03-17 04:28:56.898287,164.275833333333,-68.67325,50.0493,0.436944444444,23.6614,2023-03-17 04:28:53.046623,2,0.48,0.98,2023-03-17 04:28:51.494163,"[0.5, 0.5, 0.35, 0.25, 0.2, 0.2, 0.15, 0.15, 0.1, 0.0, 0.0, 0.0, 0.0, 0.0, 0.0]","[1.0, 1.0, 1.0, 1.0, 1.0, 0.99, 0.99, 0.98, 0.98, 0.98, 0.97, 0.97, 0.97, 0.97, 0.95]",2023-03-17 04:28:56.424789,2023-03-17 04:28:54.902868,2023-03-17 04:28:50.591838,2023-03-17 04:28:56.898287,2023-03-17 04:28:53.046623,2023-03-17 04:28:51.494163
24,selfRM_20230317_0432_HD95086.fits,SKY,2023-03-17 04:34:56,true,true,,20.0,0.0,0.02,2023-03-17 04:34:53.5466,1800.0,600.0,0.0,2023-03-17 04:34:55.553933,0.000555610842,0.000555610047,4.3495156e-05,2023-03-17 04:34:50.912418,1.25,2023-03-17 04:34:55.104352,164.275166666667,-68.673472222222,49.9556,0.536944444444,23.6588,2023-03-17 04:34:55.112581,2,0.34,0.98,2023-03-17 04:34:48.275274,"[0.5, 0.5, 0.35, 0.25, 0.2, 0.2, 0.15, 0.15, 0.1, 0.0, 0.0, 0.0, 0.0, 0.0, 0.0]","[1.0, 1.0, 1.0, 1.0, 1.0, 0.99, 0.99, 0.98, 0.98, 0.98, 0.97, 0.97, 0.97, 0.97, 0.95]",2023-03-17 04:34:53.5466,2023-03-17 04:34:55.553933,2023-03-17 04:34:50.912418,2023-03-17 04:34:55.104352,2023-03-17 04:34:55.112581,2023-03-17 04:34:48.275274
25,selfRM_20230317_0440_HD95086.fits,SKY,2023-03-17 04:42:36,true,true,,20.0,0.0,0.02,2023-03-17 04:42:35.075601,1800.0,600.0,0.0,2023-03-17 04:42:34.560904,0.000555610842,0.000555608987,4.3462687e-05,2023-03-17 04:42:32.704917,1.42,2023-03-17 04:42:35.857312,164.274333333333,-68.673666666667,49.8076,0.665277777778,23.6614,2023-03-17 04:42:35.196207,2,0.34,0.98,2023-03-17 04:42:35.958044,"[0.5, 0.5, 0.35, 0.25, 0.2, 0.2, 0.15, 0.15, 0.1, 0.0, 0.0, 0.0, 0.0, 0.0, 0.0]","[1.0, 1.0, 1.0, 1.0, 1.0, 0.99, 0.99, 0.98, 0.98, 0.98, 0.97, 0.97, 0.97, 0.97, 0.95]",2023-03-17 04:42:35.075601,2023-03-17 04:42:34.560904,2023-03-17 04:42:32.704917,2023-03-17 04:42:35.857312,2023-03-17 04:42:35.196207,2023-03-17 04:42:35.958044
26,selfRM_20230317_0447_HD95086.fits,SKY,2023-03-17 04:50:16,true,true,,20.0,0.0,0.02,2023-03-17 04:50:14.084732,1800.0,600.0,0.0,2023-03-17 04:50:13.570031,0.000555610975,0.000555609252,4.3442145e-05,2023-03-17 04:50:15.128292,0.88,2023-03-17 04:50:15.002499,164.273541666667,-68.67375,49.6297,0.793333333333,23.6628,2023-03-17 04:50:15.281605,2,0.34,0.98,2023-03-17 04:50:13.570254,"[0.5, 0.5, 0.35, 0.25, 0.2, 0.2, 0.15, 0.15, 0.1, 0.0, 0.0, 0.0, 0.0, 0.0, 0.0]","[1.0, 1.0, 1.0, 1.0, 1.0, 0.99, 0.99, 0.98, 0.98, 0.98, 0.97, 0.97, 0.97, 0.97, 0.95]",2023-03-17 04:50:14.084732,2023-03-17 04:50:13.570031,2023-03-17 04:50:15.128292,2023-03-17 04:50:15.002499,2023-03-17 04:50:15.281605,2023-03-17 04:50:13.570254
27,selfRM_20230317_0457_HD95086.fits,SKY,2023-03-17 04:59:46,true,true,,20.0,0.0,0.02,2023-03-17 04:59:44.061607,1800.0,600.0,0.0,2023-03-17 04:59:43.546905,0.000555610975,0.000555609119,4.3582492e-05,2023-03-17 04:59:40.756729,0.71,2023-03-17 04:59:45.938371,164.271791666667,-68.674083333333,49.3666,0.952222222222,23.6595,2023-03-17 04:59:45.384772,2,0.34,0.98,2023-03-17 04:59:40.002975,"[0.5, 0.5, 0.35, 0.25, 0.2, 0.2, 0.15, 0.15, 0.1, 0.0, 0.0, 0.0, 0.0, 0.0, 0.0]","[1.0, 1.0, 1.0, 1.0, 1.0, 0.99, 0.99, 0.98, 0.98, 0.98, 0.97, 0.97, 0.97, 0.97, 0.95]",2023-03-17 04:59:44.061607,2023-03-17 04:59:43.546905,2023-03-17 04:59:40.756729,2023-03-17 04:59:45.938371,2023-03-17 04:59:45.384772,2023-03-17 04:59:40.002975
28,selfRM_20230317_0723_HD95086.fits,SKY,2023-03-17 07:23:46,true,true,,20.0,0.0,0.02,2023-03-17 07:23:44.598604,1800.0,600.0,0.0,2023-03-17 07:23:44.083903,0.000555610975,0.000555610047,4.3703491e-05,2023-03-17 07:23:41.51859,0.73,2023-03-17 07:23:45.680403,164.250458333333,-68.673027777778,40.8522,3.360277777778,23.6576,2023-03-17 07:23:45.993223,2,1.0,0.98,2023-03-17 07:23:45.443951,"[0.6, 0.65, 0.35, 0.3, 0.3, 0.25, 0.25, 0.25, 0.2, 0.2, 0.15, 0.15, 0.15, 0.15, 0.1]","[1.0, 1.0, 1.0, 1.0, 1.0, 0.99, 0.99, 0.98, 0.98, 0.98, 0.97, 0.97, 0.97, 0.97, 0.95]",2023-03-17 07:23:44.598604,2023-03-17 07:23:44.083903,2023-03-17 07:23:41.51859,2023-03-17 07:23:45.680403,2023-03-17 07:23:45.993223,2023-03-17 07:23:45.443951
31,selfRM_20230317_IMLup.fits,SKY,2023-03-17 09:57:42,true,true,,20.0,0.0,0.02,2023-03-17 09:57:40.747607,1000.0,600.0,0.0,2023-03-17 09:57:40.232876,0.001000088137,0.001000081455,4.4170204e-05,2023-03-17 09:57:32.013042,0.6,2023-03-17 09:57:41.487366,239.0415,-37.944083333333,75.291,0.935555555556,303.436,2023-03-17 09:57:36.634457,2,1.0,0.98,2023-03-17 09:57:33.101407,"[0.65, 0.65, 0.35, 0.3, 0.3, 0.25, 0.25, 0.25, 0.2, 0.2, 0.15, 0.05, 0.0, 0.0, 0.0]","[1.0, 1.0, 1.0, 1.0, 1.0, 0.99, 0.99, 0.98, 0.98, 0.98, 0.97, 0.97, 0.97, 0.97, 0.95]",2023-03-17 09:57:40.747607,2023-03-17 09:57:40.232876,2023-03-17 09:57:32.013042,2023-03-17 09:57:41.487366,2023-03-17 09:57:36.634457,2023-03-17 09:57:33.101407
63,selfRM_20230522_LAB_spark_1799_020amps_20seps.fits,LAB,2023-03-17 10:44:42,false,false,,,,,2023-03-17 10:08:22.235607,1000.0,1.0,0.0,2023-03-17 10:08:24.242921,0.001000090046,0.001000090762,4.3820571e-05,2023-03-17 10:05:22.344792,0.5,2023-03-17 10:44:15.574345,264.735666666667,-28.998416666667,89.9966,0.001944444444,122.0422,2023-03-17 10:44:32.054654,0,1.0,0.98,2023-03-17 10:44:34.768566,"[0.65, 0.65, 0.35, 0.3, 0.3, 0.25, 0.25, 0.25, 0.2, 0.2, 0.15, 0.05, 0.0, 0.0, 0.0]","[1.0, 1.0, 1.0, 1.0, 1.0, 0.99, 0.99, 0.98, 0.98, 0.98, 0.97, 0.97, 0.97, 0.97, 0.95]",2023-03-17 10:08:22.235607,2023-03-17 10:08:24.242921,2023-03-17 10:05:22.344792,2023-03-17 10:44:15.574345,2023-03-17 10:44:32.054654,2023-03-17 10:44:34.768566
64,selfRM_20230522_LAB_spark_1800_1Hz_020amps_20seps.fits,LAB,2023-03-17 10:44:42,false,false,,,,,2023-03-17 10:08:22.235607,1000.0,1.0,0.0,2023-03-17 10:08:24.242921,0.001000090046,0.001000090762,4.3820571e-05,2023-03-17 10:05:22.344792,0.5,2023-03-17 10:44:15.574345,264.735666666667,-28.998416666667,89.9966,0.001944444444,122.0422,2023-03-17 10:44:32.054654,0,1.0,0.98,2023-03-17 10:44:34.768566,"[0.65, 0.65, 0.35, 0.3, 0.3, 0.25, 0.25, 0.25, 0.2, 0.2, 0.15, 0.05, 0.0, 0.0, 0.0]","[1.0, 1.0, 1.0, 1.0, 1.0, 0.99, 0.99, 0.98, 0.98, 0.98, 0.97, 0.97, 0.97, 0.97, 0.95]",2023-03-17 10:08:22.235607,2023-03-17 10:08:24.242921,2023-03-17 10:05:22.344792,2023-03-17 10:44:15.574345,2023-03-17 10:44:32.054654,2023-03-17 10:44:34.768566
